Reference, Quantity, Value, Footprint, Datasheet, DigiKey, Mouser, Mouser 
BT1 ,1,"Battery_Cell","Battery:BatteryHolder_Keystone_1042_1x18650","~","","534-1042 ",""
C1 C10 C16 ,3,"10uF","Capacitor_SMD:C_1210_3225Metric","~","587-1965-1-ND",""," 81-GCM32EL8EH106KA7L "
C11 ,1,"1000pF","Capacitor_SMD:C_0603_1608Metric","~"
C12 ,1,"100uF","Capacitor_SMD:C_1210_3225Metric","~","587-1965-1-ND"," 771-PMEG4005ET-T/R ",""
C14 ,1,"47pF","Capacitor_SMD:C_0603_1608Metric","~"
C15 ,1,"0.15uF","Capacitor_SMD:C_0603_1608Metric","~"
C18 C19 ,2,"47uF","Capacitor_SMD:C_1206_3216Metric","~"
C20 ,1,"220pF","Capacitor_SMD:C_0603_1608Metric","~",""," 346-CM21X5R475K25AT ",""
C6 C7 C21 ,3,"4.7uF","Capacitor_SMD:C_1210_3225Metric","~","490-1864-1-ND","",""
C22 ,1,"0.022uF","Capacitor_SMD:C_0603_1608Metric","~","490-3884-1-ND","",""
C3 C4 C5 C13 C17 ,5,"0.1uF","Capacitor_SMD:C_0603_1608Metric","~"
C2 C8 ,2,"1uF","Capacitor_SMD:C_0805_2012Metric","~","445-6961-1-ND",""," 346-CM21X5R475K25AT "
C9 ,1,"0.01uF","Capacitor_SMD:C_0603_1608Metric","~"
D1 ,1,"LED-RED","LED_SMD:LED_0805_2012Metric","~","754-1128-1-ND","",""
D2 ,1,"LED-GRN","LED_SMD:LED_0805_2012Metric","~","754-1795-1-ND","",""
D3 D4 ,2,"PMEG4005ET,215","Diode_SMD:D_SOT-23_ANK","~","1727-3878-1-ND"," 771-PMEG4005ET-T/R ",""
D5 ,1,"B240A","Diode_SMD:D_SMA","~"
D6 ,1,"40V","Diode_SMD:D_SOD-123","~","RB168MM-40CT-ND","755-RB168MM-40TR ",""
D7 D8 ,2,"CMSH3-40mA","Diode_SMD:D_SMA","~","1514-CMSH3-40MATR13PBFREECT-ND "," 610-CMSH3-40MA ",""
H1 H2 H3 H4 ,4,"MountingHole","MountingHole:MountingHole_2.5mm","~"
J1 ,1,"Screw_Terminal_01x02","TerminalBlock_Phoenix:TerminalBlock_Phoenix_MPT-0,5-2-2.54_1x02_P2.54mm_Horizontal","~",""," 651-1725656 ",""
J10 ,1,"Conn_01x02","Connector_JST:JST_EH_B2B-EH-A_1x02_P2.50mm_Vertical","~"
J2 J4 J5 J11 ,4,"Conn_01x02","Connector_PinHeader_2.54mm:PinHeader_1x02_P2.54mm_Vertical","~"
J3 ,1,"Conn_01x03","Connector_JST:JST_EH_B3B-EH-A_1x03_P2.50mm_Vertical","~"
J7 ,1,"Conn_01x04","Connector_JST:JST_EH_B4B-EH-A_1x04_P2.50mm_Vertical","~"
J8 ,1,"Conn_01x06","Connector_JST:JST_EH_B6B-EH-A_1x06_P2.50mm_Vertical","~"
J6 J9 ,2,"Conn_01x03","Connector_PinHeader_2.54mm:PinHeader_1x03_P2.54mm_Vertical","~"
JP1 ,1,"SolderJumper_2_Open","Jumper:SolderJumper-2_P1.3mm_Open_RoundedPad1.0x1.5mm","~"
L1 ,1,"68uH","Inductor_SMD:L_Bourns_SRR1260","~","SRR1260-680MCT-ND","652-SRR1260-680M ",""
L2 L3 ,2,"10uH","Inductor_SMD:L_Bourns_SRN6045TA","~","SRN6045-100MCT-ND","652-SRN6045TA-100M ",""
R1 R2 R6 ,3,"10K","Resistor_SMD:R_0805_2012Metric","~","RMCF0805JT10K0CT-ND","",""
R13 ,1,"182K","Resistor_SMD:R_0805_2012Metric","~"
R14 ,1,"84.5K","Resistor_SMD:R_0805_2012Metric","~"
R15 ,1,"330K","Resistor_SMD:R_0805_2012Metric","~"
R16 ,1,"332K","Resistor_SMD:R_0805_2012Metric","~","RMCF0805JT10K0CT-ND","",""
R17 ,1,"68.1K","Resistor_SMD:R_0805_2012Metric","~","RMCF0805JT10K0CT-ND","",""
R19 ,1,"0.5","Resistor_SMD:R_1206_3216Metric_Pad1.30x1.75mm_HandSolder","~","13-RL1206FR-7W0R5LCT-ND"," 652-CRL1206FWR130ELF ",""
R21 ,1,"29.4K","Resistor_SMD:R_0805_2012Metric","~","RMCF0805JT10K0CT-ND","",""
R18 R20 R22 R23 R24 R25 R26 R27 ,8,"10K","Resistor_SMD:R_0603_1608Metric","~"
R28 ,1,"13.3K","Resistor_SMD:R_0603_1608Metric","~","CRCW060313K3FKEA"," 603-RT0603FRE0713K3L ",""
R29 ,1,"52.3K","Resistor_SMD:R_0603_1608Metric","~"
R3 R4 R5 ,3,"0.100","Resistor_SMD:R_1206_3216Metric","~"
R30 ,1,"10.2K","Resistor_SMD:R_0805_2012Metric","~","RMCF0805JT10K0CT-ND","",""
R31 ,1,"1.54K","Resistor_SMD:R_0805_2012Metric","~","RMCF0805JT10K0CT-ND","",""
R7 R8 R9 R10 R11 R12 ,6,"10","Resistor_SMD:R_0603_1608Metric","~"
RV1 ,1,"10K","3386F-1-103LF:Potentiometer_Bourns_3386F_Vertical","~","3386F-103LF-ND",""," 652-3386F-1-103LF "
TP1 ,1,"TestPoint_Flag","TestPoint:TestPoint_THTPad_1.5x1.5mm_Drill0.7mm","~"
U1 ,1,"LT3652EDD","Package_SO:MSOP-12-1EP_3x4mm_P0.65mm_EP1.65x2.85mm","https://www.analog.com/media/en/technical-documentation/data-sheets/3652fe.pdf","LT3652HVEDD#PBF-ND"," 584-LT3652HVIMSE#PBF ",""
U2 ,1,"INA3221","INA3221AIRGVT:Texas_RGV_S-PVQFN-N16_EP2.1x2.1mm","http://www.ti.com/lit/ds/symlink/ina3221.pdf"
U3 ,1,"TPS54233","Package_SO:SOIC-8_3.9x4.9mm_P1.27mm","http://www.ti.com/lit/ds/symlink/tps54233.pdf"
U4 ,1,"LMR62014XMF","Package_TO_SOT_SMD:SOT-23-5","http://www.ti.com/lit/ds/symlink/lmr62014.pdf","LMR62014XMF/NOPBCT-ND"," 926-LMR62014XMF/NOPB ",""